,Local Time and Weather in Capitals Around the World Sort By: CityCountryTimeTemperatureCities Shown: Capitals (215)Most Popular (143)Popular (356)Somewhat Popular (469),Local Time and Weather in Capitals Around the World Sort By: CityCountryTimeTemperatureCities Shown: Capitals (215)Most Popular (143)Popular (356)Somewhat Popular (469).1,Local Time and Weather in Capitals Around the World Sort By: CityCountryTimeTemperatureCities Shown: Capitals (215)Most Popular (143)Popular (356)Somewhat Popular (469).2,Local Time and Weather in Capitals Around the World Sort By: CityCountryTimeTemperatureCities Shown: Capitals (215)Most Popular (143)Popular (356)Somewhat Popular (469).3,Local Time and Weather in Capitals Around the World Sort By: CityCountryTimeTemperatureCities Shown: Capitals (215)Most Popular (143)Popular (356)Somewhat Popular (469).4,Local Time and Weather in Capitals Around the World Sort By: CityCountryTimeTemperatureCities Shown: Capitals (215)Most Popular (143)Popular (356)Somewhat Popular (469).5,Local Time and Weather in Capitals Around the World Sort By: CityCountryTimeTemperatureCities Shown: Capitals (215)Most Popular (143)Popular (356)Somewhat Popular (469).6,Local Time and Weather in Capitals Around the World Sort By: CityCountryTimeTemperatureCities Shown: Capitals (215)Most Popular (143)Popular (356)Somewhat Popular (469).7
0,Abu Dhabi,星期二 5時10分,,24 °C,Managua,星期一 19時10分,,30 °C
1,Accra,星期二 1時10分,,28 °C,Manama,星期二 4時10分,,21 °C
2,Addis Ababa,星期二 4時10分,,18 °C,Manila,星期二 9時10分,,23 °C
3,Algiers,星期二 2時10分,,22 °C,Maputo,星期二 3時10分,,23 °C
4,Alofi,星期一 14時10分,,27 °C,Mexico City,星期一 19時10分,,19 °C
5,Amman,星期二 4時10分,,14 °C,Minsk,星期二 4時10分,,4 °C
6,Amsterdam,星期二 2時10分,,11 °C,Monaco,星期二 2時10分,,14 °C
7,Ankara,星期二 4時10分,,2 °C,Monrovia,星期二 1時10分,,25 °C
8,Antananarivo,星期二 4時10分,,17 °C,Montevideo,星期一 22時10分,,30 °C
9,Apia,星期二 14時10分,,30 °C,Moscow,星期二 4時10分,,-4 °C
10,Ashgabat,星期二 6時10分,,17 °C,Muscat,星期二 5時10分,,26 °C
11,Astana,星期二 7時10分,,-10 °C,N'Djamena,星期二 2時10分,,22 °C
12,Asuncion *,星期一 22時10分,,30 °C,Nairobi,星期二 4時10分,,23 °C
13,Athens,星期二 3時10分,,9 °C,Nassau *,星期一 21時10分,,27 °C
14,Baghdad,星期二 4時10分,,16 °C,New Delhi,星期二 6時40分,,20 °C
15,Baku,星期二 5時10分,,8 °C,Ngerulmud,星期二 10時10分,,28 °C
16,Bamako,星期二 1時10分,,32 °C,Niamey,星期二 2時10分,,28 °C
17,Bandar Seri Begawan,星期二 9時10分,,25 °C,Nicosia,星期二 3時10分,,12 °C
18,Bangkok,星期二 8時10分,,25 °C,North Nicosia,星期二 3時10分,,12 °C
19,Bangui,星期二 2時10分,,31 °C,Nuku'alofa,星期二 14時10分,,30 °C
20,Banjul,星期二 1時10分,,24 °C,Nuuk,星期一 22時10分,,-4 °C
21,Basseterre,星期一 21時10分,,25 °C,Oranjestad,星期一 21時10分,,27 °C
22,Beijing,星期二 9時10分,,5 °C,Oslo,星期二 2時10分,,-3 °C
23,Beirut,星期二 3時10分,,18 °C,Ottawa *,星期一 21時10分,,1 °C
24,Belgrade,星期二 2時10分,,10 °C,Palikir,星期二 12時10分,,30 °C
25,Belmopan,星期一 19時10分,,28 °C,Panama,星期一 20時10分,,27 °C
26,Berlin,星期二 2時10分,,12 °C,Paramaribo,星期一 22時10分,,26 °C
27,Bern,星期二 2時10分,,8 °C,Paris,星期二 2時10分,,10 °C
28,Bishkek,星期二 7時10分,,4 °C,Phnom Penh,星期二 8時10分,,24 °C
29,Bissau,星期二 1時10分,,24 °C,Podgorica,星期二 2時10分,,7 °C
30,Bogota,星期一 20時10分,,13 °C,Port Louis,星期二 5時10分,,22 °C
31,Brades,星期一 21時10分,,25 °C,Port Moresby,星期二 11時10分,,29 °C
32,Brasilia,星期一 22時10分,,24 °C,Port of Spain,星期一 21時10分,,26 °C
33,Bratislava,星期二 2時10分,,8 °C,Port Vila,星期二 12時10分,,29 °C
34,Brazzaville,星期二 2時10分,,26 °C,Porto Novo,星期二 2時10分,,29 °C
35,Bridgetown,星期一 21時10分,,26 °C,Prague,星期二 2時10分,,9 °C
36,Brussels,星期二 2時10分,,11 °C,Praia,星期二 0時10分,,23 °C
37,Bucharest,星期二 3時10分,,5 °C,Pretoria,星期二 3時10分,,18 °C
38,Budapest,星期二 2時10分,,7 °C,Pristina,星期二 2時10分,,2 °C
39,Buenos Aires,星期一 22時10分,,28 °C,Pyongyang,星期二 10時10分,,4 °C
40,Cairo,星期二 3時10分,,17 °C,Quito,星期一 20時10分,,11 °C
41,Canberra *,星期二 12時10分,,20 °C,Rabat *,星期二 2時10分,,15 °C
42,Caracas,星期一 21時10分,,27 °C,Rarotonga,星期一 15時10分,,29 °C
43,Castries,星期一 21時10分,,26 °C,Reykjavik,星期二 1時10分,,-7 °C
44,Chișinău,星期二 3時10分,,3 °C,Riga,星期二 3時10分,,4 °C
45,Conakry,星期二 1時10分,,27 °C,Riyadh,星期二 4時10分,,19 °C
46,Copenhagen,星期二 2時10分,,9 °C,Road Town,星期一 21時10分,,25 °C
47,Dakar,星期二 1時10分,,22 °C,Rome,星期二 2時10分,,11 °C
48,Damascus,星期二 4時10分,,14 °C,Roseau,星期一 21時10分,,24 °C
49,Djibouti,星期二 4時10分,,27 °C,Saint-Denis,星期二 5時10分,,25 °C
50,Dodoma,星期二 4時10分,,22 °C,Saint George's,星期一 21時10分,,26 °C
51,Doha,星期二 4時10分,,21 °C,Saint John's,星期一 21時10分,,25 °C
52,Douglas,星期二 1時10分,,4 °C,San Jose,星期一 19時10分,,19 °C
53,Dublin,星期二 1時10分,,2 °C,San Juan,星期一 21時10分,,26 °C
54,Dushanbe,星期二 6時10分,,8 °C,San Marino,星期二 2時10分,,15 °C
55,Funafuti,星期二 13時10分,,31 °C,San Salvador,星期一 19時10分,,28 °C
56,Gaborone,星期二 3時10分,,21 °C,Santiago *,星期一 22時10分,,25 °C
57,George Town (Cayman),星期一 20時10分,,28 °C,Santo Domingo,星期一 21時10分,,30 °C
58,Georgetown (Guyana),星期一 21時10分,,29 °C,Sarajevo,星期二 2時10分,,3 °C
59,Gibraltar,星期二 2時10分,,17 °C,Seoul,星期二 10時10分,,6 °C
60,Gizo,星期二 12時10分,,30 °C,Singapore,星期二 9時10分,,25 °C
61,Guatemala City,星期一 19時10分,,22 °C,Skopje,星期二 2時10分,,0 °C
62,Hamilton *,星期一 22時10分,,18 °C,Sofia,星期二 3時10分,,2 °C
63,Hanoi,星期二 8時10分,,16 °C,Sri Jayawardenepura Kotte,星期二 6時40分,,26 °C
64,Harare,星期二 3時10分,,20 °C,Stanley,星期一 22時10分,,9 °C
65,Havana *,星期一 21時10分,,29 °C,Stockholm,星期二 2時10分,,5 °C
66,Helsinki,星期二 3時10分,,0 °C,Suva,星期二 13時10分,,27 °C
67,Honiara,星期二 12時10分,,26 °C,Taipei,星期二 9時10分,,17 °C
68,Islamabad,星期二 6時10分,,16 °C,Tallinn,星期二 3時10分,,2 °C
69,Jakarta,星期二 8時10分,,26 °C,Tarawa,星期二 13時10分,,30 °C
70,Jamestown,星期二 1時10分,,20 °C,Tashkent,星期二 6時10分,,10 °C
71,Jerusalem,星期二 3時10分,,13 °C,Tbilisi,星期二 5時10分,,15 °C
72,Kampala,星期二 4時10分,,24 °C,Tegucigalpa,星期一 19時10分,,28 °C
73,Kathmandu,星期二 6時55分,,12 °C,Tehran,星期二 4時40分,,12 °C
74,Kigali,星期二 3時10分,,19 °C,Thimphu,星期二 7時10分,,-3 °C
75,Kingston,星期一 20時10分,,27 °C,Tirana,星期二 2時10分,,3 °C
76,Kingstown,星期一 21時10分,,26 °C,Tokyo,星期二 10時10分,,7 °C
77,Kinshasa,星期二 2時10分,,26 °C,Tunis,星期二 2時10分,,16 °C
78,Kuala Lumpur,星期二 9時10分,,24 °C,Ulaanbaatar,星期二 9時10分,,-13 °C
79,Kuwait City,星期二 4時10分,,18 °C,Vaduz,星期二 2時10分,,16 °C
80,Kyiv,星期二 3時10分,,4 °C,Valletta,星期二 2時10分,,14 °C
81,Lima,星期一 20時10分,,26 °C,Vatican City,星期二 2時10分,,11 °C
82,Lisbon,星期二 1時10分,,13 °C,Victoria,星期二 5時10分,,26 °C
83,Ljubljana,星期二 2時10分,,10 °C,Vienna,星期二 2時10分,,10 °C
84,Lomé,星期二 1時10分,,28 °C,Vientiane,星期二 8時10分,,18 °C
85,London,星期二 1時10分,,11 °C,Vilnius,星期二 3時10分,,4 °C
86,Luanda,星期二 2時10分,,27 °C,Warsaw,星期二 2時10分,,10 °C
87,Lusaka,星期二 3時10分,,26 °C,Washington DC *,星期一 21時10分,,9 °C
88,Luxembourg,星期二 2時10分,,9 °C,Wellington *,星期二 14時10分,,16 °C
89,Madrid,星期二 2時10分,,10 °C,Yamoussoukro,星期二 1時10分,,30 °C
90,Majuro,星期二 13時10分,,30 °C,Yerevan,星期二 5時10分,,9 °C
91,Malabo,星期二 2時10分,,26 °C,Zagreb,星期二 2時10分,,10 °C
92,Male,星期二 6時10分,,28 °C,,,,
